{"cameraMode":{"drawMode":0,"name":"Shaded","section":"Shading Mode"},"sceneLighting":true,"audioPlay":false,"sceneViewState":{"showFog":true,"showMaterialUpdate":false,"showSkybox":true,"showFlares":true,"showImageEffects":true,"showParticleSystems":true},"in2DMode":false,"pivot":{"x":0.707578182220459,"y":-0.6506481170654297,"z":1.3416171073913575},"rotation":{"x":-0.508724570274353,"y":0.07265987247228623,"z":-0.043141353875398639,"w":-0.8567723035812378},"size":19.45792579650879,"orthographic":false}