{"cameraMode":{"drawMode":0,"name":"Shaded","section":"Shading Mode"},"sceneLighting":true,"audioPlay":false,"sceneViewState":{"showFog":true,"showMaterialUpdate":false,"showSkybox":true,"showFlares":true,"showImageEffects":true,"showParticleSystems":true},"in2DMode":false,"pivot":{"x":-0.5004698634147644,"y":6.100236892700195,"z":0.6093317270278931},"rotation":{"x":-0.16133096814155579,"y":0.05829248204827309,"z":-0.009544759057462216,"w":-0.9851310849189758},"size":2.3246994018554689,"orthographic":false}