{"cameraMode":{"drawMode":0,"name":"Shaded","section":"Shading Mode"},"sceneLighting":true,"audioPlay":false,"sceneViewState":{"showFog":true,"showMaterialUpdate":false,"showSkybox":true,"showFlares":true,"showImageEffects":true,"showParticleSystems":true},"in2DMode":false,"pivot":{"x":0.540378749370575,"y":6.050194263458252,"z":-0.3990335464477539},"rotation":{"x":-0.16133096814155579,"y":0.05829248204827309,"z":-0.009544759057462216,"w":-0.9851310849189758},"size":3.9753000736236574,"orthographic":false}